1,1995-03-03,2021-01-29,email@dontfeed.gg,Lasse,Urpalainen,,1,,MATUMBAMAN,
2,2000-09-28,2021-01-29,email@dontfeed.gg,Michał,Jankowski,,1,,Nisha,
3,1997-08-05,2021-01-29,email@dontfeed.gg,Ludwig,Wåhlberg,,1,,Tai,
4,1994-10-17,2021-01-29,email@dontfeed.gg,Yazied,Jaradat,,1,,YapzOr,
5,1990-03-06,2021-01-29,email@dontfeed.gg,Clement,Ivanov,,1,,Puppey,
6,1997-05-27,2021-01-29,email@dontfeed.gg,Nikolay,Nikolov,,1,,Nikobaby,
7,1995-05-31,2021-01-29,email@dontfeed.gg,Linus,Blomdin,,1,,LIMPP,
8,1992-04-01,2021-01-29,email@dontfeed.gg,Gustav,Magnusson,,1,,S4,
9,1994-04-24,2021-01-29,email@dontfeed.gg,Simon,Haag,,1,,Handsken,
10,1995-09-24,2021-01-29,email@dontfeed.gg,Artsiom,Barshak,,1,,fng,
11,2000-08-11,2021-01-29,email@dontfeed.gg,Alik,Vorobey,,1,,V-Tune,
12,1997-04-13,2021-01-29,email@dontfeed.gg,Bogdan,Vasilenko,,1,,Iceberg,
13,1996-08-05,2021-01-29,email@dontfeed.gg,Viktor,Nigrini,,1,,GeneRal,
14,1993-12-14,2021-01-29,email@dontfeed.gg,Vladimir,Nikogosian,,1,,RodjER,
15,1991-03-06,2021-01-29,email@dontfeed.gg,Andrii,Bondarenko,,1,,ALWAYSWANNAFLY,
16,1996-06-03,2021-01-29,email@dontfeed.gg,Yeik,Nai Zheng,,1,,midone,
17,1998-04-14,2021-01-29,email@dontfeed.gg,Topias,Taavitsainen,,1,,Topson,
18,1992-05-11,2021-01-29,email@dontfeed.gg,Sébastien,Debs,,1,,Ceb,
19,1995-06-12,2021-01-29,email@dontfeed.gg,Martin,Sazdov,,1,,Saksa,
20,1993-10-08,2021-01-29,email@dontfeed.gg,Johan,Sundstein,,1,,N0tail,
21,1999-07-26,2021-01-29,email@dontfeed.gg,Michael,Vu,,1,,miCKe,
22,1995-09-27,2021-01-29,email@dontfeed.gg,Max,Bröcker,,1,,qojqva,
23,1998-04-10,2021-01-29,email@dontfeed.gg,Samuel,Svahn,,1,,Boxi,
24,1998-07-04,2021-01-29,email@dontfeed.gg,Tommy,Le,,1,,Taiga,
25,1994-06-18,2021-01-29,email@dontfeed.gg,Aydin,Sarkohi,,1,,iNSaNiA,
26,2002-05-16,2021-01-29,email@dontfeed.gg,Egor,Grigorenko,,1,,Nightfall,
27,2001-08-23,2021-01-29,email@dontfeed.gg,Danil,Skutin,,1,,gpk,
28,2000-01-08,2021-01-29,email@dontfeed.gg,Dmitry,Dorokhin,,1,,DM,
29,2002-02-04,2021-01-29,email@dontfeed.gg,Vitalie,Melnic,,1,,Save-,
30,2002-04-12,2021-01-29,email@dontfeed.gg,illias,Ganeev,,1,,Kingslayer,
31,1997-06-20,2021-01-29,email@dontfeed.gg,Amer,Al-Barkawi,,1,,Miracle-,
32,1995-03-06,2021-01-29,email@dontfeed.gg,Aliwi,Omar,,1,,w33,
33,1995-01-20,2021-01-29,email@dontfeed.gg,Ivan,Ivanov,,1,,MinD_ContRoL,
34,1995-06-17,2021-01-29,email@dontfeed.gg,Maroun,Merhej,,1,,GH,
35,1992-10-28,2021-01-29,email@dontfeed.gg,Kuro,Takhasomi,,1,,KuroKy,
36,1999-10-18,2021-01-29,email@dontfeed.gg,Indji,Lub,,1,,Shad,
37,2000-05-02,2021-01-29,email@dontfeed.gg,Miroslav,Bičan,,1,,BOOM,
38,1996-12-20,2021-01-29,email@dontfeed.gg,Tobias,Buchner,,1,,Tobi,
39,2000-06-28,2021-01-29,email@dontfeed.gg,Adam,Moroz,,1,,Aramis,
40,1999-07-03,2021-01-29,email@dontfeed.gg,Melchior,Hillenkamp,,1,,Seleri,
41,1998-09-12,2021-01-29,email@dontfeed.gg,Oliver,Lepko,,1,,Skiter,
42,1996-12-10,2021-01-29,email@dontfeed.gg,Duško,Boranijaševic,,1,,BoraNija,
43,1997-04-17,2021-01-29,email@dontfeed.gg,Neta,Shapira,,1,,33,
44,1995-06-23,2021-01-29,email@dontfeed.gg,Milan,Kozomara,,1,,MiLAN,
45,1993-02-24,2021-01-29,email@dontfeed.gg,Adrian,Trinks,,1,,Fata,
46,1999-04-25,2021-01-29,email@dontfeed.gg,Roman,Kushnarev,,1,,RAMZES666,
47,1999-02-13,2021-01-29,email@dontfeed.gg,Syed Sumail,Hassan,,1,,SumaiL,
48,1997-09-04,2021-01-29,email@dontfeed.gg,Vladimir,Minenko,,1,,No[o]ne,
49,1998-12-02,2021-01-29,email@dontfeed.gg,Bakyt,Emilzhanov,,1,,Zayac,
50,1990-08-07,2021-01-29,email@dontfeed.gg,Alexey,Berezin,,1,,Solo,
51,,2021-04-11,qedyjub@mailinator.com,Odessa,Ramsey,2021-04-11,,,tyzasaka,
52,,2021-04-11,zebuhonad@mailinator.com,Avram,Macdonald,2021-04-11,,,cijuc,
53,,2021-05-21,mod@dontfeed.gg,,,2021-05-21,$2a$10$nHh9km.LQ7xdfjcgT7zise3IJe1soRIiYll.l2awFUSl/hbE0R3CK,,mod,
54,,2021-05-21,admin@dontfeed.gg,,,2021-05-21,$2a$10$NZQ6XdBKH7pQuXFOl0Y/gObXmDQxRnXJFdJaqXA1vvPSGoDoVaoY.,,admin,
55,,2021-05-21,dewfurd@dontfeed.gg,,,2021-05-21,$2a$10$DiU1pp4RynT0jVDSc2H./eh/3xp0ibgUEJuLlLJDWDgcAeUoccPcW,,dewfurd,
56,,2021-06-29,thing@thing.thi,,,2021-06-29,$2a$10$KJ.wcotvNfdaVC6xjjEky.U97IRxXVXWtfk2FhW75iV.lbPhlyd2q,,asd,
57,,2021-06-29,xuleq@mailinator.com,,,2021-06-29,$2a$10$N.7bdATO9rBfFZFFyJquBOVrJ0wro/VHegx3YcsUwiCjz.qvtVH.O,,Quos ut velit necess,
58,,2021-06-29,hojig@mailinator.com,,,2021-06-29,$2a$10$g1kJqpFRY8FJ97f8QfHp2.viuZSubj0EVY4D59EzF9k6BvlZMN5He,,Saepe elit harum bl,
59,,2021-06-29,tuwexe@mailinator.com,,,2021-06-29,$2a$10$zHhFXExI1rVlDGQAyPoFs.JVL6AZbePMD.DCen1rMWRqFHm8LXv4W,,Dolores laborum Ea ,
60,,2021-06-29,mutavu@mailinator.com,,,2021-06-29,$2a$10$9jFP1CpL4iGzbKKq.7Oqfe9ymzajy3XKJO74.tRxUP8bGp0Br67rG,,Ut aliquid deserunt ,
61,,2021-06-30,fecep@mailinator.com,,,2021-06-30,$2a$10$Trc3UuMVnhM0QqQKpFZEg.fKMojjQR5g3evCTZwzTOjCsETvMGQkq,,In blanditiis ullamc,
62,,2021-06-30,duhec@mailinator.com,,,2021-06-30,$2a$10$QjwLiS7VwGbZpbndZUZBBe.n44l3vuwHOdkkLbig47VftEEKYuxLe,,Qui cupiditate neces,
63,,2021-06-30,tajy@mailinator.com,,,2021-06-30,$2a$10$odOuI.c9dq/aceXrChdhx.alw6nJ04lrzCFQgRr.aPhZMIz6jalV6,,Elit magna amet re,
64,,2021-07-01,bymo@mailinator.com,,,2021-07-01,$2a$10$XNNVs/zqWJQS7.Y2OX/TFec5I5eSnzPrvh1c1Gu3rNteHAbdrMrKu,,Quia odit voluptatum,
65,,2021-07-01,pibino@mailinator.com,,,2021-07-01,$2a$10$7oM8nQhoK3W24e9eDCSnU.iSgyO1BWWPRP4evkw1r8iPujafgND9S,,Earum facilis dolore,
66,,2021-07-01,thing1@thing.thi,,,2021-07-01,$2a$10$N8YRNcm.Y.3Sh.IYdu83OO6R28aZxcVoaz2RJtyNeNuiSKWRpfkrq,,asdt,
67,,2021-07-04,mahugap@mailinator.com,,,2021-07-04,$2a$10$0ujegOMhtCnS0mQfPoYRUO67cQ2ZsxNEFmpmB0fxmptSVHKb6KlrG,,Accusantium sint deb,
68,,2021-07-06,fatob@mailinator.com,,,2021-07-06,$2a$10$kqDB8ay7/uKhFkDRcISnB.zJV.foNi8hrvABxbqqwx.tLcigAwpPq,,Dolores odit obcaeca,
69,,2021-07-06,zozosyl@mailinator.com,,,2021-07-06,$2a$10$Fl4oAaVEJrxtWokTDX0Eae828FArubVaHT3mRi/07NzNEh6Wz/eQa,,Temporibus cumque la,
70,,2021-07-06,jojo@email.com,,,2021-07-06,$2a$10$6cvCZawEsw6Q1xNq9AxkteILpKYpJYYyNLugBCuqPNlMs7laW/EbC,,Jojo,
71,,2021-07-06,adri@email.com,,,2021-07-06,$2a$10$BJBKz43yyeCpurM0fHS4euuOBQlplHFaVk1c/UsXtH1G/bgU/bpyK,,Adri,
72,,2021-07-06,jaziel@yumbum.com,,,2021-07-06,$2a$10$oewUdq3oQs6/Rp/I7nuLXuffUTTTiwkmD1rmD2971tKvZz5hZ8Xji,,Jaziel,
